轮次,日期,时间,主队,客队
季前赛,2026年10月09日,15:00,长白山恩都里,新疆广汇能源
季前赛,2026年10月09日,15:00,天津先行者,广州智都集团
季前赛,2026年10月09日,15:00,北京控股,南京同曦宙光
季前赛,2026年10月09日,15:00,浙江稠州金租,江苏肯帝亚
季前赛,2026年10月09日,15:00,福建晋江文旅,四川锦城
季前赛,2026年10月09日,19:30,广东东阳光,山东高速
季前赛,2026年10月09日,19:30,北京首钢,宁波町渥
季前赛,2026年10月09日,19:30,上海久事,辽宁本钢
季前赛,2026年10月09日,19:30,浙江浙商证券,青岛崂山啤酒
季前赛,2026年10月09日,19:30,深圳马可波罗,山西汾酒
季前赛,2026年10月10日,15:00,辽宁本钢,福建晋江文旅
季前赛,2026年10月10日,15:00,山西汾酒,南京同曦宙光
季前赛,2026年10月10日,15:00,青岛崂山啤酒,新疆广汇能源
季前赛,2026年10月10日,15:00,山东高速,天津先行者
季前赛,2026年10月10日,15:00,宁波町渥,江苏肯帝亚
季前赛,2026年10月10日,19:30,北京首钢,浙江稠州金租
季前赛,2026年10月10日,19:30,广州智都集团,广东东阳光
季前赛,2026年10月10日,19:30,四川锦城,上海久事
季前赛,2026年10月10日,19:30,深圳马可波罗,北京控股
季前赛,2026年10月10日,19:30,浙江浙商证券,长白山恩都里
季前赛,2026年10月11日,15:00,山东高速,广州智都集团
季前赛,2026年10月11日,15:00,上海久事,福建晋江文旅
季前赛,2026年10月11日,15:00,南京同曦宙光,深圳马可波罗
季前赛,2026年10月11日,15:00,长白山恩都里,青岛崂山啤酒
季前赛,2026年10月11日,15:00,宁波町渥,浙江稠州金租
季前赛,2026年10月11日,19:30,江苏肯帝亚,北京首钢
季前赛,2026年10月11日,19:30,广东东阳光,天津先行者
季前赛,2026年10月11日,19:30,辽宁本钢,四川锦城
季前赛,2026年10月11日,19:30,新疆广汇能源,浙江浙商证券
季前赛,2026年10月11日,19:30,北京控股,山西汾酒
常规赛第1轮,2026年10月16日,19:35,上海久事,深圳新世纪
常规赛第1轮,2026年10月17日,19:35,江苏肯帝亚,福建浔兴
常规赛第1轮,2026年10月17日,19:35,宁波富邦,北京控股
常规赛第1轮,2026年10月17日,19:35,四川锦城,天津荣钢
常规赛第1轮,2026年10月17日,19:35,浙江广厦,山西汾酒
常规赛第1轮,2026年10月17日,20:00,新疆广汇,青岛国信海天
常规赛第1轮,2026年10月18日,19:35,南京同曦,广东宏远
常规赛第1轮,2026年10月18日,19:35,广州龙狮,浙江稠州
常规赛第1轮,2026年10月18日,19:35,山东山高,辽宁沈阳三生
常规赛第1轮,2026年10月18日,19:35,吉林东北虎,北京首钢
常规赛第2轮,2026年10月19日,19:35,北京控股,上海久事
常规赛第2轮,2026年10月19日,19:35,江苏肯帝亚,深圳新世纪
